{
  "meta": {
    "num_queries_intersection": 10,
    "skipped_no_gold": 0,
    "k_values": [
      5,
      10,
      20
    ]
  },
  "summary": {
    "hit": {
      "5": 0.8,
      "10": 0.9,
      "20": 1.0
    },
    "mrr": {
      "5": 0.5333333333333334,
      "10": 0.55,
      "20": 0.5576923076923077
    },
    "recall": {
      "5": 0.42333333333333334,
      "10": 0.6100000000000001,
      "20": 1.0
    },
    "ndcg": {
      "5": 0.3821775486667267,
      "10": 0.46179036666890694,
      "20": 0.5820412778954266
    },
    "_counts": {
      "hit": {
        "5": 10,
        "10": 10,
        "20": 10
      },
      "mrr": {
        "5": 10,
        "10": 10,
        "20": 10
      },
      "recall": {
        "5": 10,
        "10": 10,
        "20": 10
      },
      "ndcg": {
        "5": 10,
        "10": 10,
        "20": 10
      }
    }
  }
}