{
  "evaluation_method": "auto_relevance",
  "k_values": [
    5,
    10,
    20
  ],
  "baseline": {
    "name": "Phase1-MedCPT",
    "summary": {
      "hit": {
        "5": 1.0,
        "10": 1.0,
        "20": 1.0
      },
      "mrr": {
        "5": 0.8333333333333334,
        "10": 0.8333333333333334,
        "20": 0.8333333333333334
      },
      "recall": {
        "5": 0.29831878905408316,
        "10": 0.5081289054083171,
        "20": 1.0
      },
      "ndcg": {
        "5": 0.6117969148001009,
        "10": 0.6089162644594733,
        "20": 0.7952601763504482
      }
    },
    "avg_latency_ms": null
  },
  "rrf2": {
    "name": "Phase2-RRF2",
    "summary": {
      "hit": {
        "5": 1.0,
        "10": 1.0,
        "20": 1.0
      },
      "mrr": {
        "5": 0.8033333333333333,
        "10": 0.8033333333333333,
        "20": 0.8033333333333333
      },
      "recall": {
        "5": 0.33965729274165807,
        "10": 0.5955237358101135,
        "20": 1.0
      },
      "ndcg": {
        "5": 0.6931579876389198,
        "10": 0.7207284123867093,
        "20": 0.821292455233548
      }
    },
    "avg_latency_ms": 1584.5166206359863
  }
}
